{
  "name": "Python 3",
  "image": "mcr.microsoft.com/devcontainers/python:3.13",
  "postCreateCommand": ".devcontainer/setup.sh",
  "customizations": {
      "vscode": {
          "settings": {
              "terminal.integrated.autoOpenOnStartup": "none",
              "python.defaultInterpreterPath": "${containerWorkspaceFolder}/.venv/bin/python",
              "python.terminal.activateEnvironment": true,
              "python.packageManager": "uv"
          },
          "extensions": [
              "ms-python.python",
              "ms-python.vscode-pylance",
              "ms-python.flake8",
              "ms-python.black-formatter"
          ]
      }
  }
}
